placeID,latitude,longitude
0,,
1,,
2,37.25911352,127.0363553
3,,
4,37.26491253,127.0394438
5,37.26491253,127.0394438
6,,
7,37.27807292,126.9887312
8,,
9,37.27510032,127.0637796
10,,
11,37.32459622,126.9874755
12,,37.28079737
13,37.27006261,127.0333331
14,37.28079737,127.0151842
15,,
16,37.26677951,126.9850142
17,37.26141886,127.0380892
18,37.27359737,127.0113164
19,37.25911352,127.0363553
20,37.27362955,127.0349692
21,37.27359737,127.0113164
22,37.28849861,127.038578
23,37.29764523,127.0356337
24,37.28529981,127.0140836
25,37.32459622,126.9874755
26,37.28669532,127.0180908
27,37.28279165,127.0157242
28,37.28301358,126.9666964
29,37.26384286,126.9875266
30,37.27602578,127.0557092
31,37.29703803,126.9994532
32,37.28404999,127.0126477
33,37.28581497,127.0166186
34,37.28849861,127.038578
35,37.29634504,127.0514264
36,37.28256171,127.0190196
37,37.31922781,126.9780428
38,37.31865931,126.9779
39,37.31865931,126.9779
40,37.31865931,126.9779
41,37.31865931,126.9779
42,37.28568128,127.0785483
43,37.31865931,126.9779
44,37.28200045,127.0228812
45,37.25784648,126.9686443
46,37.28079737,127.0151842
47,37.25763665,127.0531333
48,,
49,37.276469,126.9450176
50,37.28656812,127.0263377
51,37.28764484,127.0144295
52,37.28188483,127.0143989
53,37.27006261,127.0333331
54,37.28764484,127.0144295
55,37.29058856,127.0382494
56,37.27630791,127.0150551
57,37.28020804,127.0187639
58,37.2502553,127.0346956
59,37.27943729,127.0176407
60,37.28305692,127.0166701
61,37.3007132,127.0228533
62,37.28613706,127.0160299
63,37.27498862,127.0652692
64,37.29011614,127.0350031
65,37.2854808,126.9583167
66,37.2808993,126.9736434
67,37.2759894,127.0294238
68,37.3148715,127.0014154
69,37.2905974,127.0504725
70,37.2664324,127.0061739
71,37.2732042,126.9722596
72,37.2588788,127.0296996
73,37.2468503,127.0556634
74,37.2581572,127.0328669
75,37.3067618,127.0145001
76,37.2741244,127.0286677
77,37.281737,126.9724253
78,37.3061767,127.0006485
79,37.2737127,127.0491991
80,37.2780407,127.0404407
81,37.4335001,127.0810469
82,,
83,37.38267187,127.1506768
84,,
85,,
86,37.38030055,127.1211729
87,37.45299248,127.1678184
88,37.43372501,127.0810818
89,37.40524353,127.1420186
90,37.38267187,127.1506768
91,,37.43024926
92,,37.37848541
93,37.41069067,127.1429532
94,37.38030055,127.1211729
95,37.44558403,127.1493784
96,37.3923479,127.1582915
97,37.41310833,127.1232565
98,37.44484987,127.1390489
99,37.40295481,127.1305499
100,37.43905947,127.1408289
101,37.37027773,127.1075125
102,37.41755095,127.0954333
103,37.3784643,127.0475266
104,37.41755095,127.0954333
105,37.45048992,127.1352909
106,37.45355143,127.1371981
107,37.44048843,127.1735598
108,37.467048,127.178748
109,,
110,37.4629711,127.1689601
111,37.3588434,127.1229367
112,37.4169194,127.1343256
113,37.4210779,127.1015492
114,37.4616101,127.1559812
115,37.4159435,126.9311514
116,,
117,37.41954448,126.9223668
118,37.41906306,126.9197713
119,37.41906306,126.9197713
120,37.41906306,126.9197713
121,37.41473578,126.9556273
122,37.36638757,126.9035874
123,37.38350089,126.910026
124,37.39757392,126.9196658
125,37.41906306,126.9197713
126,37.41906306,126.9197713
127,37.41913253,126.9359879
128,,
129,,37.41906306
130,37.37998118,126.9640225
131,37.38460579,126.9313329
132,37.4183799,126.9183187
133,,
134,37.39042911,126.9258325
135,37.42885296,126.9148134
136,37.43460973,126.9361431
137,37.41165822,126.9262129
138,37.42263586,126.9241514
139,37.39049566,126.9435229
140,37.4196962,126.9239026
141,37.42828307,126.9344499
142,37.38266439,126.9103827
143,37.3939464,126.9612791
144,37.4021683,126.9504548
145,37.3970227,126.9746148
146,37.4117759,126.9109815
147,37.4178277,126.9190398
148,37.4218857,126.911534
149,37.22357254,126.6427653
150,37.28106708,126.5519194
151,37.19251153,126.6461277
152,37.31046791,126.6061341
153,37.22501815,126.6465053
154,37.11285876,126.3926108
155,37.32045461,126.8541873
156,37.3004312,126.8258812
157,,
158,37.27530264,126.8390205
159,,37.27372932
160,,37.32266989
161,,
162,,37.21978853
163,37.31509455,126.8595843
164,37.18663618,126.6314801
165,37.29961696,126.862762
166,,
167,37.20532484,126.6442704
168,37.29932716,126.8476224
169,37.31989315,126.822931
170,37.32507331,126.8099722
171,37.21978853,126.6023926
172,37.31605239,126.8517439
173,37.19156523,126.6461496
174,37.2804829,126.5476403
175,37.23815658,126.6152976
176,37.22057075,126.6299077
177,37.21978853,126.6023926
178,37.33944362,126.863453
179,37.26350344,126.5786872
180,37.28627583,126.5745515
181,37.31989315,126.822931
182,37.24943632,126.5919494
183,37.26784071,126.5605481
184,37.20036344,126.5616401
185,,
186,37.2154081,126.5953215
187,37.19441776,126.6454752
188,37.2192219,126.5966285
189,37.3135327,126.8326094
190,37.3190878,126.8297427
191,37.318814,126.8273516
192,37.335947,126.8502073
193,37.3583606,126.8220447
194,37.3016192,126.8510437
195,37.3112054,126.830776
196,37.2824582,126.8469889
197,37.2937065,126.8722393
198,37.2907869,126.8298526
199,37.0963444,127.4027439
200,37.1286764,127.2073771
201,,
202,37.24081425,127.1004054
203,37.31577253,127.2688892
204,,
205,37.19178878,127.3064047
206,37.09457472,127.4066007
207,,
208,37.35928462,127.0441045
209,,
210,,
211,,
212,,
213,,
214,,
215,37.17228834,127.2992678
216,,
217,37.10729102,127.193212
218,37.31577253,127.2688892
219,,
220,,
221,,
222,37.33809219,127.1870876
223,37.31577253,127.2688892
224,,37.28996008
225,,37.26820009
226,,37.17101369
227,,37.21196111
228,,37.11944206
229,,37.26820009
230,,37.26913331
231,,37.1790307
232,,37.26091947
233,,
234,37.26820009,127.1089114
235,37.14132675,127.3642626
236,37.33658915,127.1778595
237,37.31979601,127.1314427
238,37.26913331,127.1103615
239,37.33177038,127.1927917
240,37.25793675,127.3025817
241,37.32054364,127.0954126
242,37.2594293,127.1143473
243,37.24017172,127.1763198
244,37.23174897,127.1988572
245,37.30037208,127.2169533
246,37.26820009,127.1089114
247,37.26091947,127.120813
248,37.22205576,127.190656
249,37.27731264,127.0900943
250,37.30897189,127.1319469
251,37.35644844,127.0440906
252,37.09457472,127.4066007
253,37.24962344,127.1651613
254,37.29321665,127.1923281
255,37.09457472,127.4066007
256,37.26091947,127.120813
257,,
258,37.31577253,127.2688892
259,37.25344341,127.1612992
260,37.16980923,127.2991391
261,,
262,37.14617833,127.3659655
263,37.23350202,127.2986095
264,37.25764149,127.1604459
265,37.27120944,127.2652921
266,37.14737668,127.2858207
267,37.33641035,127.1784021
268,37.27392025,127.1571468
269,37.17101369,127.2971197
270,37.27731264,127.0900943
271,37.30037208,127.2169533
272,37.15364577,127.3966516
273,37.1932958,127.2966319
274,37.26091947,127.120813
275,37.26091947,127.120813
276,37.26091947,127.120813
277,37.11944206,127.3370944
278,37.11944206,127.3370944
279,37.3444106,127.0523825
280,37.21590534,127.2777713
281,37.35440551,127.052007
282,37.35618157,127.0520981
283,37.19478132,127.2766431
284,37.19478132,127.2766431
285,37.19478132,127.2766431
286,37.25344341,127.1612992
287,37.28996008,127.2165862
288,37.17101369,127.2971197
289,37.26091947,127.120813
290,37.1940384,127.2784439
291,37.16980923,127.2991391
292,37.17011074,127.2450031
293,37.19478132,127.2766431
294,37.19478132,127.2766431
295,37.26091947,127.120813
296,37.26091947,127.120813
297,37.11944206,127.3370944
298,37.11944206,127.3370944
299,37.11944206,127.3370944
300,37.26378052,127.1669708
301,37.10778526,127.198347
302,37.28996008,127.2165862
303,37.2273552,127.1000706
304,37.28424302,127.2194392
305,37.16333129,127.2488441
306,37.10740614,127.1429863
307,37.19444738,127.2165717
308,37.20716099,127.1693272
309,37.11893896,127.30811
310,37.16501514,127.2437925
311,37.3154498,127.265211
312,37.16229537,127.2534766
313,37.12443875,127.3144677
314,37.14912759,127.2870207
315,37.181812,127.2915593
316,37.20769531,127.3098802
317,37.21207947,127.1586666
318,37.3154498,127.265211
319,37.11720571,127.3116147
320,37.24103718,127.1359981
321,37.31481976,127.2611727
322,37.22101641,127.1387432
323,37.31577253,127.2688892
324,37.26072762,127.2527276
325,37.11441968,127.2091488
326,37.35136177,127.0527816
327,37.13517796,127.3286165
328,37.15619281,127.33054
329,37.25613177,127.2760294
330,37.12937245,127.2435074
331,37.25887312,127.2582482
332,37.28446342,127.2086549
333,37.11773924,127.3132346
334,37.18302131,127.3084212
335,37.29619186,127.0938845
336,37.31577253,127.2688892
337,37.15959852,127.2952355
338,37.28089421,127.199203
339,37.21442579,127.313639
340,37.2612688,127.2803443
341,37.3303747,127.1282961
342,37.1389824,127.3087319
343,37.3275387,127.0968234
344,37.2363835,127.2039826
345,37.2226356,127.1034084
346,37.3274798,127.1736259
347,37.3229821,127.0453369
348,37.46812521,126.8576482
349,37.4246681,126.8634442
350,37.45933257,126.8698217
351,37.42391373,126.8737081
352,37.43955185,126.8629013
353,37.42799614,126.8664591
354,,
355,,
356,,37.4246681
357,37.42851741,126.880501
358,37.46743585,126.8732254
359,37.47668303,126.8497369
360,37.47891692,126.8643754
361,37.43333759,126.8783815
362,37.42728684,126.8527074
363,37.4246681,126.8634442
364,37.4246681,126.8634442
365,37.4246681,126.8634442
366,37.43626892,126.8873776
367,37.44188021,126.8728281
368,37.44910346,126.856295
369,37.4246681,126.8634442
370,37.4246681,126.8634442
371,37.42851741,126.880501
372,37.41239657,126.8610394
373,37.45933257,126.8698217
374,37.4246681,126.8634442
375,37.44188021,126.8728281
376,37.45959871,126.860638
377,37.46682498,126.8453442
378,37.48680176,126.8656773
379,37.46252151,126.8711632
380,,
381,36.92144571,126.9222276
382,,
383,37.09814524,127.0864815
384,,
385,36.92144571,126.9222276
386,37.01427206,126.9808811
387,36.96904078,127.0658693
388,,36.91482854
389,,37.01680495
390,36.92113256,126.9208602
391,36.970034,126.8475563
392,36.99112127,127.1140768
393,36.99112127,127.1140768
394,36.98908521,126.9194914
395,37.06722319,127.0654116
396,36.92144571,126.9222276
397,37.06605262,127.0707164
398,37.10584874,127.1012055
399,36.97104842,126.8735556
400,37.01427206,126.9808811
401,37.06873949,127.0081905
402,37.01332365,127.0201596
403,37.0023403,126.8216664
404,36.95047852,126.9659687
405,,
406,36.96562669,127.0665178
407,37.01576206,127.044178
408,36.95047852,126.9659687
409,37.10828234,127.1011365
410,37.01176782,127.0205338
411,37.02477063,127.1484887
412,37.01633234,127.0591255
413,37.09814524,127.0864815
414,37.06340875,127.1063208
415,37.07178322,127.0750377
416,37.0067405,127.0961688
417,36.9956859,127.0942568
418,36.9886034,127.1053125
419,37.425973,127.0235491
420,37.43304795,127.0132542
421,,
422,37.43035373,126.9902278
423,,
424,,
425,37.42792691,127.0036578
426,37.44142546,126.9963338
427,37.43234075,126.9965868
428,,
429,37.4187457,126.9897163
430,37.44208435,127.01817
431,,37.43097781
432,,37.43650176
433,,
434,,37.4385349
435,37.4283427,127.0017902
436,37.4298116,126.9869625
437,37.45762647,127.0299991
438,37.44208435,127.01817
439,37.45263682,127.0287188
440,37.43097781,127.0199705
441,37.4239602,126.9992198
442,37.42820745,126.9891096
443,37.45176764,126.9992832
444,37.4350561,127.0056567
445,37.42785388,127.0012961
446,37.4385349,127.0055434
447,37.4350561,127.0056567
448,37.44138113,126.9657101
449,37.43644317,127.0141028
450,37.43650176,127.0240724
451,37.43644317,127.0141028
452,37.4276869,126.992002
453,37.4409409,127.0103285
454,37.1661425,127.0596379
455,,
456,,
457,37.16624795,127.0543478
458,37.13825273,127.0644454
459,37.16275009,127.0683606
460,,37.16624795
461,,
462,,
463,,
464,,
465,,
466,37.13825273,127.0644454
467,37.17377415,127.0064404
468,37.16624795,127.0543478
469,37.18361826,127.0197829
470,,
471,,
472,37.18361826,127.0197829
473,37.13658643,127.0631948
474,37.13825273,127.0644454
475,37.1773631,127.0241756
476,37.1785525,127.0243899
477,37.1820546,127.036812
478,37.1865283,127.0120041
479,37.4190229,126.8262142
480,37.41185061,126.7600281
481,37.45310398,126.8272721
482,37.44962927,126.7828588
483,,
484,,
485,37.40068901,126.8083869
486,37.38979193,126.7812507
487,37.35180705,126.7009731
488,,
489,37.3718045,126.7447471
490,37.40318746,126.8485463
491,37.37230323,126.7705866
492,37.44962927,126.7828588
493,,
494,37.34304025,126.6961663
495,37.35465347,126.7020269
496,,37.40068901
497,,37.38979193
498,,
499,37.45195756,126.7855179
500,37.39044629,126.8047644
501,37.35465347,126.7020269
502,37.43372887,126.7864711
503,37.34863265,126.7588817
504,37.38092342,126.8273752
505,37.3858316,126.8400679
506,37.3472526,126.7329697
507,37.3511667,126.7229447
508,37.354098,126.91912
509,37.37344888,126.9261792
510,,
511,,
512,37.36236952,126.9352273
513,37.35544599,126.9252043
514,,37.36236952
515,37.36578447,126.9274659
516,37.36253179,126.9176791
517,37.35901198,126.9194209
518,37.3472282,126.9548279
519,37.36956522,126.9376918
520,37.33031015,126.9153637
521,37.32578827,126.8892013
522,37.32136191,126.8996545
523,37.35410167,126.8964468
524,37.35526538,126.9109359
525,37.36132275,126.9127744
526,37.35613258,126.9410441
527,37.34727826,126.9185992
528,,
529,,
530,37.30710897,126.9531542
531,,
532,37.38263703,127.0008383
533,37.38791406,126.9991546
534,37.34548171,126.9635855
535,37.34760805,127.0021435
536,37.41177224,127.0313919
537,,37.31364088
538,37.31087236,126.9502606
539,37.36248231,126.9733505
540,37.35216497,126.9822974
541,37.31364088,126.9505339
542,37.38585035,126.9845737
543,37.34224725,126.9695179
544,37.39497841,127.0225388
545,37.31087236,126.9502606
546,37.39410672,127.0094996
547,37.30710897,126.9531542
548,37.30710897,126.9531542
549,37.39479868,127.0160212
550,37.31087236,126.9502606
551,37.39597478,127.0237413
552,37.34991257,127.0078866
553,37.41207254,127.0348718
554,37.30710897,126.9531542
555,37.37279959,127.0190878
556,37.349644,126.9625337
557,37.3518631,126.9710652
558,,
559,37.53905306,127.2155442
560,37.547544,127.2193723
561,,37.55363146
562,37.54474633,127.2068173
563,37.54545656,127.2060787
564,37.57224556,127.1887831
565,37.47763021,127.2412475
566,37.51798958,127.208676
567,37.52783094,127.2388672
568,37.55363146,127.2132471
569,37.56725958,127.191646
570,37.5706521,127.2015046
571,37.547536,127.1885317
572,37.540932,127.2151395
573,37.230883,127.3373639
574,,
575,,
576,37.08882356,127.5667699
577,37.27382701,127.4813978
578,37.33731662,127.4527884
579,37.23394327,127.468964
580,37.27647049,127.4184314
581,,
582,37.12651251,127.5001277
583,37.28069094,127.4148012
584,37.27533049,127.4273775
585,37.28757413,127.3712423
586,37.33082441,127.4145444
587,37.1518742,127.45816
588,37.14456939,127.5570075
589,37.18705849,127.4115217
590,37.27533049,127.4273775
591,37.05402111,127.4897949
592,37.21050397,127.3428954
593,,
594,37.22331692,127.39765
595,,37.08578385
596,,37.27406904
597,37.2724872,127.4337338
598,37.28017033,127.4240484
599,37.27406904,127.425927
600,37.08578385,127.5839372
601,37.2748992,127.4273248
602,37.30879391,127.4049032
603,37.28370075,127.4527889
604,37.22281128,127.4992561
605,37.29372311,127.3852004
606,37.27406904,127.425927
607,37.27406904,127.425927
608,37.27406904,127.425927
609,37.27406904,127.425927
610,37.27406904,127.425927
611,37.31068347,127.4007931
612,37.2064539,127.356494
613,37.22000319,127.3914101
614,37.19472901,127.4459485
615,37.15818883,127.5044937
616,37.19114449,127.5070195
617,37.22000319,127.3914101
618,37.15739507,127.4861004
619,37.27406904,127.425927
620,37.19114449,127.5070195
621,37.27406904,127.425927
622,37.3433945,127.4621787
623,37.15739507,127.4861004
624,37.14039691,127.4981251
625,37.31028911,127.4035246
626,37.19773088,127.4463182
627,37.0589052,127.5477801
628,37.27638956,127.4507631
629,37.19773088,127.4463182
630,37.28138148,127.4155641
631,37.16438482,127.5593575
632,37.26652047,127.3967231
633,,
634,37.35432874,127.4633814
635,37.24132,127.3898123
636,37.21969067,127.3947018
637,37.25246123,127.4397053
638,37.19472901,127.4459485
639,37.26748383,127.5162638
640,37.21900118,127.3420542
641,37.3029868,127.4029104
642,37.2902983,127.4512903
643,,
644,36.90575614,127.2811275
645,,
646,,
647,,
648,,
649,37.05048143,127.4423734
650,,
651,,
652,,
653,,
654,,
655,37.07496756,127.4493974
656,,
657,36.9423835,127.3137534
658,37.05296535,127.4441118
659,37.04939065,127.4422955
660,37.06537477,127.3584475
661,37.01382222,127.2027318
662,37.01468892,127.2680056
663,,37.1484252
664,,37.02632808
665,,37.03129457
666,,37.04072495
667,37.1120789,127.2216288
668,37.06692482,127.1684071
669,37.03580675,127.2665583
670,37.01500054,127.3233449
671,37.06237574,127.3532789
672,37.01136861,127.2283475
673,36.93747946,127.2676334
674,37.03193321,127.3082841
675,36.98126005,127.2486123
676,37.03129457,127.3091402
677,37.03129457,127.3091402
678,36.98179047,127.3054436
679,37.00600632,127.2764955
680,37.06277925,127.1752866
681,,
682,36.95556386,127.2339037
683,37.03286992,127.3077983
684,,
685,37.00801269,127.3222145
686,37.03462433,127.311302
687,37.04473877,127.1876548
688,37.04072495,127.2787777
689,,
690,37.06537477,127.3584475
691,37.04060489,127.2335172
692,37.08137613,127.4762155
693,37.08137613,127.4762155
694,37.13858064,127.2586203
695,36.94484456,127.2724178
696,37.02436334,127.4082382
697,36.96458914,127.1765353
698,37.08707032,127.3813834
699,37.05332267,127.4460377
700,37.03292256,127.3125318
701,36.95556386,127.2339037
702,37.08137613,127.4762155
703,36.95556386,127.2339037
704,37.08137613,127.4762155
705,37.08137613,127.4762155
706,37.08137613,127.4762155
707,37.07135656,127.1737201
708,36.9573625,127.3361149
709,,
710,37.07496756,127.4493974
711,37.01147343,127.2740516
712,36.99208545,127.1944218
713,36.91389187,127.2887768
714,37.02632808,127.3967906
715,37.03619871,127.1697214
716,37.0935581,127.4369507
717,37.1484252,127.2591408
718,36.93979477,127.3071227
719,,
720,36.90486129,127.2848617
721,37.10213345,127.3816525
722,37.04845463,127.374246
723,37.03129457,127.3091402
724,37.05998715,127.182812
725,36.93719748,127.2681309
726,36.96128357,127.3726932
727,36.97146184,127.382327
728,36.95858416,127.3624545
729,37.08369407,127.1928394
730,37.08898671,127.4076878
731,37.0366615,127.371252
732,37.0148321,127.27285
733,37.0149066,127.2034425
734,37.73953192,126.6029213
735,,
736,,
737,37.72080335,126.5522088
738,37.59749842,126.7871304
739,37.69773726,126.6627122
740,37.73782684,126.5308936
741,37.73782684,126.5308936
742,37.62985217,126.6430345
743,37.72436929,126.6301183
744,37.63416567,126.7094968
745,,37.73782684
746,,
747,37.64976252,126.5366529
748,37.65681711,126.6690218
749,37.5963726,126.7608946
750,37.61717867,126.7180616
751,37.69584154,126.5870201
752,37.73753694,126.5744441
753,37.65065371,126.5387272
754,37.72436929,126.6301183
755,37.72436929,126.6301183
756,37.73753694,126.5744441
757,37.64056733,126.5956311
758,37.73753694,126.5744441
759,37.64067164,126.5392752
760,,
761,37.63856861,126.5522798
762,,
763,37.74325041,126.5940653
764,37.60742595,126.708545
765,37.63856861,126.5522798
766,37.59749842,126.7871304
767,37.62923891,126.5704005
768,37.62923891,126.5704005
769,37.60742595,126.708545
770,37.74325041,126.5940653
771,37.74053999,126.5353186
772,37.75115055,126.536702
773,37.65095301,126.5378504
774,37.74053999,126.5353186
775,37.70084916,126.6554141
776,37.68954964,126.5811201
777,37.74063285,126.6113259
778,37.70259638,126.6527657
779,37.68954964,126.5811201
780,37.72080335,126.5522088
781,37.75115055,126.536702
782,37.70259638,126.6527657
783,37.6598492,126.6656916
784,37.6218241,126.7226352
785,37.7313634,126.5262356
786,37.6139959,126.759746
787,37.1153673,126.8838877
788,37.01595836,126.8062291
789,37.26222434,126.7470758
790,37.10542961,126.5413848
791,37.17179362,126.6208747
792,,
793,37.18561539,126.6510723
794,,
795,37.09226023,126.9547634
796,37.25809561,126.8478846
797,,
798,,
799,37.10461314,126.538514
800,37.18471499,126.9190955
801,37.13488129,126.9420791
802,37.11615561,126.6833759
803,37.28739561,126.739916
804,37.11597649,126.8816722
805,37.14379856,126.6790365
806,37.11586347,126.6840735
807,37.12433398,126.6843193
808,37.20822964,127.0624518
809,,37.21178295
810,,
811,,37.11602393
812,37.22301392,127.0436776
813,37.13747207,126.9240117
814,37.21178295,127.0056182
815,37.20562842,127.0758999
816,37.2029622,127.033262
817,37.2029622,127.033262
818,37.21229006,126.9607029
819,37.10842209,126.9320089
820,37.20553199,126.979379
821,37.20162602,127.0060676
822,37.20070358,127.0750147
823,37.20070358,127.0750147
824,37.19991547,126.6916017
825,37.03964713,126.7979009
826,37.16201067,126.8097116
827,37.11615561,126.6833759
828,37.1434727,126.6801435
829,37.28452547,126.9074266
830,37.24809533,126.7463933
831,37.22256215,126.7217822
832,37.19303681,126.9471612
833,37.18723257,126.7294229
834,,
835,37.19749051,126.8302682
836,37.17179362,126.6208747
837,37.24127708,126.879331
838,,
839,37.06108675,126.5589943
840,37.10768815,126.9464542
841,37.19175005,126.7422328
842,37.26475602,126.8229964
843,37.11654874,126.860405
844,37.24777073,126.9283938
845,37.18561539,126.6510723
846,37.14958947,126.9609458
847,37.24788422,126.9038799
848,,
849,37.21178295,127.0056182
850,37.16857307,126.8885203
851,37.1520899,126.8822454
852,37.09360673,126.8669218
853,37.114616,126.8766294
854,37.10453489,126.8541136
855,37.20642794,126.8168689
856,37.20580563,126.8455434
857,37.21178295,127.0056182
858,37.19581021,126.9331915
859,37.19301639,126.709793
860,37.20952975,127.1498312
861,,
862,37.1691231,126.6279186
863,37.09391602,126.9565242
864,37.16864358,126.6276763
865,37.17179362,126.6208747
866,37.17404108,126.6573183
867,,
868,,
869,,
870,37.23075725,126.9256702
871,37.25195811,126.9219799
872,,
873,37.16560961,126.6196468
874,37.2062671,126.8277703
875,37.132751,126.9064359
876,37.2784707,127.6494198
877,37.29742052,127.6599489
878,37.29306619,127.6669009
879,37.42839515,127.4142985
880,,
881,37.40134582,127.5363953
882,37.28005806,127.6797761
883,37.39171684,127.4383399
884,,
885,,37.29742052
886,,37.25990301
887,,37.2885093
888,,37.3001409
889,,37.24521079
890,37.41003508,127.4426415
891,37.29303893,127.6228994
892,37.23147142,127.6406562
893,,
894,37.30013475,127.6523383
895,37.39865915,127.6092427
896,37.3001409,127.6545498
897,37.29964666,127.6533754
898,37.25990301,127.6541067
899,37.2885093,127.6881569
900,37.29306619,127.6669009
901,37.24252242,127.7081456
902,37.25730913,127.7542056
903,37.2844393,127.740525
904,37.22625901,127.7074977
905,37.37621697,127.4728472
906,37.24252242,127.7081456
907,37.29742052,127.6599489
908,37.20214208,127.7116971
909,37.29742052,127.6599489
910,37.26348611,127.5748296
911,37.40874828,127.4745982
912,37.2885093,127.6881569
913,37.32069855,127.6427185
914,37.21254618,127.6203569
915,37.39931991,127.6974722
916,37.22625901,127.7074977
917,37.26836895,127.6900918
918,37.34761095,127.7060079
919,37.39081293,127.511636
920,37.34436958,127.6696563
921,37.29310135,127.6610454
922,37.2887617,127.6991685
923,37.27117841,127.7275118
924,37.29742052,127.6599489
925,37.34761095,127.7060079
926,37.29310135,127.6610454
927,37.29306619,127.6669009
928,37.39081293,127.511636
929,37.34436958,127.6696563
930,37.29742052,127.6599489
931,37.2887617,127.6991685
932,37.40047729,127.6592186
933,37.38406214,127.500418
934,37.38081787,127.4549902
935,37.40378408,127.4913224
936,37.21488363,127.5317723
937,37.23216612,127.5416804
938,37.3856114,127.5489581
939,37.30350392,127.5813914
940,,
941,37.26767639,127.651551
942,,
943,37.39171684,127.4383399
944,37.23807311,127.684187
945,37.16459716,127.6911044
946,37.30735177,127.6320256
947,37.38406214,127.500418
948,37.39358892,127.5482854
949,37.30350392,127.5813914
950,37.21488363,127.5317723
951,37.29310198,127.6670928
952,37.22282545,127.6076585
953,37.16459716,127.6911044
954,37.28876063,127.6998003
955,37.29310198,127.6670928
956,37.34854762,127.7165334
957,37.2567186,127.6530213
958,37.4031989,127.5488883
959,37.3129937,127.6451354
960,37.21445,127.5803428
961,37.1771799,127.6340523
962,37.2998605,127.6327526
963,37.3186337,127.6485001
964,37.5051241,126.8157085
965,37.49038125,126.7853557
966,37.50244421,126.7452471
967,37.50060486,126.7637176
968,37.50512683,126.8157178
969,37.49193055,126.7825991
970,37.51218012,126.7898575
971,37.51705422,126.7931922
972,,37.51647011
973,,37.50867185
974,37.5025683,126.7990308
975,37.50729207,126.8192658
976,37.47555895,126.7817081
977,37.48863293,126.770656
978,37.52834699,126.7960282
979,37.48250546,126.7665646
980,37.5025683,126.7990308
981,37.5025683,126.7990308
982,37.50867185,126.7437361
983,37.49466039,126.754364
984,37.51374313,126.8017552
985,37.5025683,126.7990308
986,37.52190113,126.7676616
987,37.50867185,126.7437361
988,37.4998691,126.7442661
989,37.4998691,126.7442661
990,37.51315207,126.7452298
991,37.49122425,126.7936393
992,37.50867185,126.7437361
993,37.51315207,126.7452298
994,37.50967551,126.7937483
995,37.5129546,126.8221248
996,37.5034229,126.761971
997,37.5030369,126.7810736
998,37.5237017,126.8096553
999,37.5268941,126.8059591
1000,37.5145636,126.8139092
1001,37.5197576,126.7899604
1002,37.5015506,127.471312
1003,37.53362111,127.3174769
1004,37.54616334,127.5821639
1005,,
1006,,
1007,,
1008,,
1009,,
1010,37.54824082,127.5247213
1011,,
1012,,
1013,,
1014,,
1015,,
1016,37.47444991,127.6388498
1017,37.52187481,127.4582184
1018,37.55273232,127.7031294
1019,37.54502301,127.5829395
1020,37.52914715,127.4970687
1021,37.52914715,127.4970687
1022,37.52914715,127.4970687
1023,37.52914715,127.4970687
1024,37.58323039,127.4585126
1025,,
1026,,
1027,37.6392176,127.6330451
1028,37.4993354,127.5790577
1029,,
1030,37.5017152,127.4713536
1031,37.54094097,127.3239566
1032,37.55685463,127.5093521
1033,37.59613913,127.5752068
1034,37.60412999,127.3532978
1035,37.56631661,127.4301566
1036,37.54575241,127.328847
1037,37.52914715,127.4970687
1038,37.50775552,127.6057921
1039,37.51604878,127.5194181
1040,,
1041,,
1042,,
1043,37.63956284,127.6024925
1044,37.53994165,127.6167763
1045,37.40656667,127.7542707
1046,37.43522065,127.5301584
1047,37.50030158,127.4785722
1048,37.49667459,127.4123923
1049,,37.55023603
1050,,37.58323039
1051,,37.53054867
1052,,37.51195766
1053,,37.54094097
1054,,37.59488309
1055,37.49370807,127.4609265
1056,37.50612728,127.436447
1057,37.49747241,127.4860283
1058,37.50544079,127.4338
1059,37.39488395,127.73733
1060,37.54760614,127.5812485
1061,37.59488309,127.377886
1062,,
1063,37.62136229,127.3521081
1064,37.54046476,127.3132041
1065,37.54457465,127.5853998
1066,37.51542129,127.6288192
1067,37.46204507,127.608057
1068,37.51195766,127.6388839
1069,37.50919809,127.4491849
1070,37.49921959,127.7024979
1071,37.54094097,127.3239566
1072,37.43504556,127.5779504
1073,37.62933003,127.5837967
1074,37.5573075,127.3286281
1075,37.48360001,127.4834181
1076,37.47971162,127.5865474
1077,37.50744026,127.6055427
1078,37.52734361,127.4858417
1079,37.52678084,127.5570743
1080,37.50744026,127.6055427
1081,37.536185,127.3142788
1082,37.56187963,127.7750655
1083,37.56236305,127.7764826
1084,37.6126823,127.4477663
1085,37.51122341,127.5331988
1086,37.54857758,127.5531287
1087,37.50000343,127.4750198
1088,37.55023603,127.5704624
1089,37.4682378,127.5308502
1090,37.46538959,127.4696486
1091,37.55023603,127.5704624
1092,37.57277259,127.4195622
1093,37.57933881,127.6819551
1094,37.54766114,127.4999774
1095,37.52686252,127.6261001
1096,37.49422419,127.5311889
1097,37.55791685,127.7221875
1098,37.54038683,127.7691796
1099,37.44847537,127.6113044
1100,37.59266121,127.5864628
1101,37.50057323,127.4871026
1102,37.4568751,127.5100293
1103,37.58602433,127.67769
1104,37.57933881,127.6819551
1105,,
1106,37.64622003,127.616995
1107,37.51604878,127.5194181
1108,37.46926489,127.5326148
1109,37.50057323,127.4871026
1110,37.59613913,127.5752068
1111,37.54729164,127.5798218
1112,37.59989986,127.5970295
1113,37.5977171,127.4257546
1114,37.55791685,127.7221875
1115,37.60412999,127.3532978
1116,37.5608229,127.5113068
1117,37.46691548,127.6047167
1118,37.54729164,127.5798218
1119,37.6478144,127.4263849
1120,37.54130249,127.4690179
1121,37.60288521,127.3946399
1122,37.60544904,127.6007867
1123,37.39279675,127.761093
1124,37.55954895,127.7885646
1125,37.59999168,127.6055713
1126,37.46926489,127.5326148
1127,37.54278235,127.7025365
1128,37.50883995,127.56437
1129,37.54945741,127.7907559
1130,37.46741754,127.469105
1131,37.44972399,127.6137781
1132,37.48099144,127.6497639
1133,37.59999168,127.6055713
1134,37.56362779,127.7324503
1135,37.50008558,127.6230767
1136,37.44847537,127.6113044
1137,37.55487448,127.4541496
1138,37.46741754,127.469105
1139,37.64578267,127.6176236
1140,37.55954895,127.7885646
1141,37.55685463,127.5093521
1142,37.4937479,127.4736153
1143,37.5351285,127.4671774
1144,37.6537547,126.7686925
1145,,
1146,,
1147,,
1148,37.68395646,126.7441488
1149,37.6537547,126.7686925
1150,37.68837993,126.794745
1151,,
1152,,
1153,37.6684102,126.9192574
1154,37.62580806,126.8985856
1155,37.6537547,126.7686925
1156,37.6537547,126.7686925
1157,,37.66147745
1158,,37.66455401
1159,,37.70399984
1160,,
1161,,
1162,,
1163,,37.6537547
1164,,
1165,37.66055405,126.7736143
1166,37.66501573,126.75628
1167,,
1168,37.7275154,126.8662057
1169,37.66047258,126.7720959
1170,37.6537547,126.7686925
1171,,
1172,37.64906593,126.8354046
1173,37.6584113,126.8319655
1174,37.5990112,126.8641708
1175,37.65980578,126.7434754
1176,37.69774864,126.8536299
1177,37.66610555,126.7476293
1178,37.68859859,126.8549797
1179,37.63853826,126.786013
1180,37.70399984,126.8953565
1181,37.63016381,126.8481073
1182,37.66382191,126.7556343
1183,37.66372337,126.9399362
1184,37.64559229,126.9780913
1185,37.66372337,126.9399362
1186,37.66455401,126.7545272
1187,37.66372337,126.9399362
1188,37.6561523,126.9592773
1189,37.64699087,126.9623703
1190,37.65650548,126.9695688
1191,37.64961546,126.9727352
1192,37.65356562,126.9593074
1193,,
1194,37.72360868,126.8671354
1195,37.66239474,126.9487217
1196,37.6737073,126.7753751
1197,37.6719314,126.7362187
1198,37.6820421,126.7535498
1199,37.6971016,126.8198191
1200,37.70547364,127.0378431
1201,37.70887207,127.0333747
1202,37.73715253,127.0996755
1203,37.7335288,127.1038325
1204,37.70630504,127.0361022
1205,,37.70547364
1206,37.73345401,127.034083
1207,37.73517474,127.0338793
1208,37.73848869,127.0331435
1209,37.74640521,127.079405
1210,37.74409547,127.0494983
1211,37.70933054,127.0285388
1212,37.70119214,127.0662635
1213,37.73229053,127.1001395
1214,37.70119214,127.0662635
1215,37.72000771,127.0276542
1216,37.70492909,127.0210907
1217,37.70933054,127.0285388
1218,37.72000771,127.0276542
1219,37.7587943,127.0238429
1220,37.70782195,127.0531328
1221,,
1222,37.7379626,127.089035
1223,37.742211,127.0477649
1224,37.738962,127.0376318
1225,37.7454846,127.0904053
1226,37.7496504,127.0717108
1227,,
1228,,
1229,,
1230,,
1231,,
1232,37.94652217,127.0693437
1233,37.88064076,127.095089
1234,,37.94652217
1235,37.91432811,127.0572448
1236,37.94459342,127.0644497
1237,37.94615794,127.0652042
1238,37.94593626,127.0693244
1239,37.94249045,127.0660896
1240,37.94593626,127.0693244
1241,37.94249045,127.0660896
1242,37.94249045,127.0660896
1243,37.94249045,127.0660896
1244,37.94615794,127.0652042
1245,37.87970998,127.0976381
1246,37.90091596,127.1206737
1247,37.89848843,127.1178729
1248,37.87970998,127.0976381
1249,37.86389211,127.1056368
1250,37.9413485,127.0523711
1251,37.90660183,127.1074338
1252,37.89848843,127.1178729
1253,37.9034424,127.0513191
1254,37.9051627,127.0526165
1255,37.9028018,127.0536723
1256,37.9063284,127.0642836
1257,,
1258,37.60580988,127.1363673
1259,37.59918782,127.1414539
1260,37.58886835,127.1600569
1261,37.57308745,127.1353693
1262,,
1263,37.56081089,127.1109423
1264,37.61840446,127.1384835
1265,37.59556471,127.1298716
1266,37.56081089,127.1109423
1267,37.59203001,127.1613998
1268,37.5634261,127.1116855
1269,37.63596736,127.1312807
1270,37.58477609,127.1600075
1271,37.651055,127.1013767
1272,37.70544345,127.2903491
1273,37.6510763,127.1015502
1274,,
1275,,
1276,,
1277,,
1278,,
1279,,
1280,37.59393254,127.1855663
1281,37.55750946,127.3132182
1282,37.70024654,127.1029045
1283,,
1284,,
1285,37.57114779,127.3026413
1286,37.65105725,127.1914473
1287,37.74712542,127.2812744
1288,37.69390757,127.2253369
1289,,
1290,,
1291,37.75477712,127.3132456
1292,37.70576957,127.2956028
1293,37.63155705,127.3469568
1294,,37.7577207
1295,,37.51601728
1296,,37.57114779
1297,,37.60399756
1298,,37.75477712
1299,37.7577207,127.2749799
1300,37.62513311,127.2313538
1301,37.65040978,127.3237779
1302,37.63306553,127.1980498
1303,37.59196942,127.3384601
1304,37.5673164,127.2817932
1305,37.71709703,127.1910488
1306,37.61372482,127.3427754
1307,37.63270947,127.3514962
1308,37.69802293,127.1608295
1309,37.54637494,127.2443835
1310,,
1311,,
1312,37.63155705,127.3469568
1313,37.56712835,127.2824619
1314,37.56712835,127.2824619
1315,37.76397976,127.2818298
1316,37.74639755,127.1836284
1317,37.62347605,127.2613673
1318,37.52356306,127.2961349
1319,37.71255814,127.1596968
1320,37.65886985,127.1006583
1321,37.65660655,127.0950925
1322,37.65734006,127.1013921
1323,37.7003303,127.0873112
1324,37.74639755,127.1836284
1325,37.57114779,127.3026413
1326,37.65034304,127.2432114
1327,37.5956288,127.3383842
1328,37.67285533,127.2187225
1329,37.66186511,127.2169243
1330,37.64662453,127.3650827
1331,37.71377193,127.2999944
1332,37.65266842,127.3694363
1333,37.74965146,127.2737443
1334,37.71909672,127.2646918
1335,37.66349367,127.2694254
1336,,
1337,37.71709703,127.1910488
1338,37.76562393,127.2838687
1339,37.76503028,127.2845403
1340,37.72651103,127.2966466
1341,37.72760097,127.2962578
1342,37.76384927,127.2915964
1343,37.6462837,127.3057462
1344,37.7495179,127.2086421
1345,37.7449333,127.2079146
1346,37.7493485,127.2076432
1347,37.6150322,127.2787198
1348,37.82733701,126.85816
1349,37.79822025,126.7662824
1350,37.76023425,126.7875014
1351,37.80913698,126.7148602
1352,37.75371658,126.9204711
1353,37.84909005,126.7898867
1354,,
1355,37.70406165,126.7242285
1356,37.85532376,126.8941454
1357,,
1358,37.83695476,126.8355635
1359,37.9310737,126.9464256
1360,,
1361,37.70849604,126.686767
1362,37.93777543,126.8703676
1363,37.73228267,126.7931713
1364,37.7746781,126.9328095
1365,37.80069886,126.8740547
1366,37.80069886,126.8740547
1367,37.80069886,126.8740547
1368,37.80606609,126.9080435
1369,37.7746781,126.9328095
1370,,
1371,37.7559845,126.8355382
1372,37.85680263,126.896043
1373,37.94040362,126.8764678
1374,37.80069886,126.8740547
1375,37.80069886,126.8740547
1376,37.80069886,126.8740547
1377,37.91216452,126.9521871
1378,37.91216452,126.9521871
1379,,37.77302559
1380,,37.79041294
1381,,37.76935606
1382,,37.89326843
1383,,37.8672973
1384,,37.94331166
1385,,37.72061558
1386,,
1387,,
1388,37.78809451,126.696571
1389,37.79128781,126.6838501
1390,37.71262256,126.6865517
1391,37.7772342,126.8836322
1392,37.79229824,126.6957872
1393,37.89144746,126.7402695
1394,37.86718507,126.758698
1395,37.78747677,126.6971796
1396,37.78528559,126.7010077
1397,37.70803521,126.6879065
1398,37.70890715,126.687568
1399,37.72409239,126.7512643
1400,37.75920163,126.7807225
1401,37.83214675,126.8159586
1402,37.85680263,126.896043
1403,37.79153637,126.6990551
1404,37.79229824,126.6957872
1405,37.78933979,126.6954672
1406,37.70896829,126.6846744
1407,37.7848409,126.7112561
1408,37.77986727,126.6849977
1409,37.72395857,126.7154425
1410,37.77561471,126.6852261
1411,37.78911705,126.6984906
1412,37.7057391,126.6843127
1413,37.7883219,126.7021789
1414,37.788054,126.7012164
1415,37.79089932,126.6981533
1416,37.79087002,126.695178
1417,37.79080348,126.6973139
1418,37.78714659,126.6963427
1419,37.78976918,126.6963143
1420,37.78711527,126.6970358
1421,37.78769581,126.7002322
1422,,
1423,,
1424,,
1425,37.7895106,126.6993722
1426,37.70890715,126.687568
1427,37.78798791,126.6967993
1428,37.76396899,126.7955492
1429,37.70849604,126.686767
1430,,
1431,,
1432,37.71485121,126.6869017
1433,37.79025267,126.6958434
1434,37.96024784,126.9579204
1435,37.96024784,126.9579204
1436,37.96024784,126.9579204
1437,37.96024784,126.9579204
1438,37.7848409,126.7112561
1439,37.8895362,126.7401868
1440,37.78528559,126.7010077
1441,37.77302559,126.6771018
1442,37.70546913,126.7135614
1443,37.80083641,126.8733951
1444,37.86613508,126.870989
1445,37.78807106,126.7037375
1446,37.73143856,126.6913051
1447,37.86718507,126.758698
1448,37.96024784,126.9579204
1449,37.77302559,126.6771018
1450,37.91071683,126.7333027
1451,37.97845312,126.9181618
1452,37.96698505,126.9221063
1453,37.97387455,126.948074
1454,37.77742116,126.6844795
1455,37.92591747,126.7871459
1456,37.80156567,126.7243229
1457,37.91071683,126.7333027
1458,37.77646648,126.9079276
1459,37.88257848,126.8731953
1460,37.71485121,126.6869017
1461,37.89204436,126.7447898
1462,37.89204436,126.7447898
1463,37.90890549,126.7048144
1464,37.96024784,126.9579204
1465,37.81003058,126.6923913
1466,37.78807106,126.7037375
1467,37.77302559,126.6771018
1468,37.77302559,126.6771018
1469,37.77302559,126.6771018
1470,37.77302559,126.6771018
1471,37.91637622,126.6991296
1472,37.91637622,126.6991296
1473,37.75016895,126.8357387
1474,37.78798791,126.6967993
1475,37.80575323,126.7336035
1476,37.75378285,126.8651076
1477,37.76924926,126.6862043
1478,37.75371658,126.9204711
1479,37.8512497,126.8567252
1480,37.89042966,126.7403709
1481,37.89042966,126.7403709
1482,37.89885257,126.7096314
1483,37.94756777,126.9323783
1484,37.89326843,126.7490079
1485,37.77302559,126.6771018
1486,,
1487,37.89037638,126.7367402
1488,37.89326843,126.7490079
1489,37.91071683,126.7333027
1490,37.89885257,126.7096314
1491,,
1492,37.71263729,126.686075
1493,37.8895362,126.7401868
1494,37.89042966,126.7403709
1495,37.84909005,126.7898867
1496,37.75226107,126.7183676
1497,37.75016895,126.8357387
1498,37.75378285,126.8651076
1499,37.79822025,126.7662824
1500,37.76924926,126.6862043
1501,37.91071683,126.7333027
1502,37.89042966,126.7403709
1503,37.89068819,126.7391832
1504,37.73465276,126.831264
1505,37.77302559,126.6771018
1506,37.92591747,126.7871459
1507,37.90890549,126.7048144
1508,37.89042966,126.7403709
1509,37.90890549,126.7048144
1510,37.91637622,126.6991296
1511,37.81291108,126.9052736
1512,37.8512497,126.8567252
1513,37.8557762,126.7866624
1514,37.78798791,126.6967993
1515,37.89029749,126.7422374
1516,37.79143608,126.6962395
1517,37.80575323,126.7336035
1518,37.77302559,126.6771018
1519,37.75371658,126.9204711
1520,37.91637622,126.6991296
1521,37.91637622,126.6991296
1522,37.91637622,126.6991296
1523,37.89037638,126.7367402
1524,37.79143608,126.6962395
1525,37.81291108,126.9052736
1526,37.79822025,126.7662824
1527,37.75226107,126.7183676
1528,37.90890549,126.7048144
1529,37.8557762,126.7866624
1530,37.91637622,126.6991296
1531,37.92591747,126.7871459
1532,37.71263729,126.686075
1533,37.77528221,126.9335525
1534,37.91505461,126.9087184
1535,37.7728498,126.8828624
1536,37.88754037,126.8221902
1537,37.83482483,126.7397255
1538,37.85096494,126.8311993
1539,37.87302655,126.7545917
1540,37.75016895,126.8357387
1541,37.77700576,126.9094222
1542,37.83213289,126.7258742
1543,37.96115977,126.8696215
1544,37.93777543,126.8703676
1545,37.89107252,126.914392
1546,37.77700576,126.9094222
1547,37.95118847,126.921655
1548,37.93777543,126.8703676
1549,37.89176915,126.8287819
1550,37.85096494,126.8311993
1551,37.93602457,126.8716115
1552,37.89204436,126.7447898
1553,37.89037638,126.7367402
1554,37.89068819,126.7391832
1555,37.89037638,126.7367402
1556,37.89326843,126.7490079
1557,37.77539193,126.9220507
1558,37.77482723,126.9208514
1559,37.96143523,126.9270047
1560,37.71392642,126.6966237
1561,37.88497225,126.8777884
1562,37.95118847,126.921655
1563,37.93777543,126.8703676
1564,37.95649857,126.8445961
1565,37.77539193,126.9220507
1566,37.89223535,126.841106
1567,37.83213289,126.7258742
1568,37.77742116,126.6844795
1569,37.89037638,126.7367402
1570,37.88257255,126.8722707
1571,37.8510263,126.8893621
1572,37.7487308,126.7369646
1573,37.7791671,126.686797
1574,37.8524369,126.7942907
1575,37.7952484,126.791091
1576,37.7924443,126.6857754
1577,37.7439284,126.9497154
1578,,
1579,37.83064219,127.0390946
1580,,
1581,,
1582,,
1583,,
1584,37.77383049,126.9421724
1585,37.78580151,127.081828
1586,37.73281782,126.9492554
1587,37.72563761,126.9499668
1588,37.74392386,126.9496385
1589,37.71643569,126.9500915
1590,,
1591,37.67547082,126.9237452
1592,37.93528989,127.0003909
1593,37.77697669,126.9526884
1594,37.71776403,126.9484185
1595,37.83219716,127.0099588
1596,,37.73281782
1597,,37.84121529
1598,37.72563761,126.9499668
1599,37.81250038,126.972306
1600,37.79687039,126.9883646
1601,37.83610213,126.967524
1602,37.78080548,126.9554066
1603,37.78620729,127.0315715
1604,37.78620729,127.0315715
1605,37.82222671,126.9868602
1606,37.7914871,127.0003954
1607,37.73281782,126.9492554
1608,37.72205774,126.9457721
1609,37.72563761,126.9499668
1610,37.83610213,126.967524
1611,37.72563761,126.9499668
1612,37.73585174,126.9427526
1613,37.92278545,126.997449
1614,37.77388734,127.0206235
1615,37.89333729,126.9582067
1616,37.93528989,127.0003909
1617,37.83610213,126.967524
1618,37.73585174,126.9427526
1619,37.72205774,126.9457721
1620,37.72518309,126.9768411
1621,37.89333729,126.9582067
1622,,
1623,37.78366272,126.9438474
1624,37.79456141,127.0267937
1625,37.7451702,126.9599242
1626,37.69572245,126.9942102
1627,,
1628,37.72463808,126.9501671
1629,37.7451702,126.9599242
1630,37.78366272,126.9438474
1631,37.79456141,127.0267937
1632,37.78366272,126.9438474
1633,37.72463808,126.9501671
1634,37.69572245,126.9942102
1635,37.82678008,127.0465985
1636,37.77300747,126.9377843
1637,37.7748463,126.9378158
1638,37.73106195,126.9496202
1639,37.91418579,126.9565862
1640,37.77127162,126.9385582
1641,37.70059514,126.9472478
1642,37.67277025,126.9098525
1643,37.91418579,126.9565862
1644,37.7748463,126.9378158
1645,37.87202291,126.9507108
1646,37.77033572,126.9369757
1647,37.80422165,126.9141015
1648,37.78499904,127.0999124
1649,37.70849959,126.9530091
1650,37.74553743,126.9496833
1651,37.77033572,126.9369757
1652,37.77383876,126.9613849
1653,37.73106195,126.9496202
1654,37.76872494,126.9394063
1655,37.77670033,126.9353717
1656,37.74553743,126.9496833
1657,37.76872494,126.9394063
1658,37.87202291,126.9507108
1659,37.77383876,126.9613849
1660,37.692849,126.9261121
1661,37.7756978,126.9356973
1662,37.7180967,126.9715556
1663,37.7848703,126.9939932
1664,37.7520407,127.168526
1665,38.0507576,127.3027909
1666,38.06887673,127.3221175
1667,38.11739313,127.2669831
1668,37.79458444,127.1648751
1669,,
1670,,
1671,,
1672,38.07970239,127.2168469
1673,,
1674,38.18080022,127.2738429
1675,38.07060845,127.3992169
1676,37.85522582,127.2443325
1677,38.0952345,127.2338389
1678,38.0656132,127.3156844
1679,37.96592242,127.1317088
1680,37.96592242,127.1317088
1681,37.94035268,127.3407506
1682,38.11739313,127.2669831
1683,38.04997874,127.3061838
1684,37.86594734,127.2383835
1685,37.78367267,127.2412517
1686,38.07156381,127.4103429
1687,37.91626838,127.1642782
1688,38.03812133,127.3854494
1689,37.92806677,127.18061
1690,38.02892159,127.3962659
1691,37.88438738,127.3027749
1692,38.0421455,127.1193617
1693,37.96592242,127.1317088
1694,37.96592242,127.1317088
1695,37.96592242,127.1317088
1696,37.75624449,127.1656611
1697,37.96592242,127.1317088
1698,38.02215165,127.2817308
1699,37.85333556,127.1214253
1700,,
1701,38.0722579,127.4104789
1702,37.92344632,127.236496
1703,37.78125543,127.168592
1704,,38.06887673
1705,,37.92344632
1706,,37.96592242
1707,,37.75624449
1708,,38.09386345
1709,,37.90599438
1710,38.06834273,127.3037185
1711,37.75624449,127.1656611
1712,37.89611664,127.2124468
1713,37.92344632,127.236496
1714,37.89046605,127.1982754
1715,,
1716,37.90599438,127.3099064
1717,37.77527484,127.1393221
1718,38.07322228,127.2246724
1719,37.92655925,127.1422027
1720,,
1721,37.92344632,127.236496
1722,38.08259128,127.2461821
1723,38.10336595,127.2191985
1724,37.96592242,127.1317088
1725,38.07187855,127.2281889
1726,38.06412033,127.2558751
1727,38.06412033,127.2558751
1728,37.9742748,127.3261489
1729,37.96759087,127.3286466
1730,38.07156381,127.4103429
1731,37.92344632,127.236496
1732,37.92344632,127.236496
1733,37.92344632,127.236496
1734,37.92344632,127.236496
1735,38.07361624,127.3273506
1736,37.97425187,127.1044209
1737,37.93251102,127.32165
1738,37.8993451,127.1717825
1739,37.92344632,127.236496
1740,37.90517537,127.3106366
1741,38.08843796,127.3916091
1742,37.87506134,127.2740663
1743,38.02306465,127.1650904
1744,,
1745,38.11049691,127.3969035
1746,37.92170769,127.1690435
1747,38.12375565,127.2525946
1748,38.06134102,127.3868157
1749,37.92969754,127.1770982
1750,37.89466733,127.3058183
1751,37.92170769,127.1690435
1752,38.02892159,127.3962659
1753,37.76623591,127.1712475
1754,38.04742523,127.3694222
1755,37.86934577,127.2510828
1756,38.08356042,127.3898488
1757,38.11180592,127.3993999
1758,38.02933754,127.3879246
1759,37.96504399,127.337669
1760,38.05478166,127.3227443
1761,38.02688199,127.2822261
1762,38.07722686,127.2220806
1763,38.09017923,127.3197053
1764,37.85333556,127.1214253
1765,38.10550308,127.3096644
1766,37.92372605,127.1753152
1767,38.08920746,127.3207568
1768,38.1617161,127.2745429
1769,37.95693648,127.3341808
1770,37.76681114,127.1699735
1771,38.07620214,127.4182386
1772,37.99373827,127.1592207
1773,38.05958422,127.3875366
1774,37.97153559,127.1518101
1775,38.16637518,127.1877351
1776,37.97287335,127.1500732
1777,38.06602946,127.3167549
1778,38.0879495,127.3897054
1779,38.12375565,127.2525946
1780,38.04105189,127.3682825
1781,38.02922795,127.3864321
1782,38.01421539,127.2953075
1783,38.07722686,127.2220806
1784,37.93924321,127.1276968
1785,37.88624953,127.2852907
1786,38.08356042,127.3898488
1787,38.04993547,127.3823882
1788,37.93105626,127.1218805
1789,38.0138902,127.371031
1790,37.76424894,127.1443485
1791,37.9514086,127.3596328
1792,37.9719342,127.3308194
1793,37.7945643,127.2335517
1794,37.7735963,127.1583588
1795,37.8964458,127.2073337
1796,37.9652936,127.1316099
1797,37.7942619,127.1665879
1798,37.8151221,127.135335
1799,37.8502215,127.1651436
1800,37.7943724,127.1648965
1801,,
1802,38.00887944,127.0588639
1803,38.23663248,127.1570286
1804,38.10622105,127.1160542
1805,,
1806,38.03223021,126.9250521
1807,38.08791515,127.00523
1808,38.09231957,127.1071268
1809,,
1810,,
1811,37.98809527,127.093733
1812,,38.01159257
1813,,38.00887944
1814,,38.08959267
1815,38.10712292,127.0797748
1816,38.05396849,126.9176443
1817,38.1063166,127.0786046
1818,37.98799752,126.8476981
1819,38.13988733,127.0935546
1820,38.09557838,127.0036924
1821,38.01564874,127.0614549
1822,38.12089948,127.0472157
1823,38.0347538,127.106728
1824,38.12077014,126.9886727
1825,,
1826,37.97009007,126.8279974
1827,38.15531906,127.1442039
1828,38.21281235,127.138978
1829,38.15531906,127.1442039
1830,38.21281235,127.138978
1831,38.12077014,126.9886727
1832,37.97009007,126.8279974
1833,38.05428606,126.9180749
1834,38.21459762,127.1392319
1835,37.99591846,126.8859636
1836,37.98743419,127.021048
1837,38.06354995,127.1014783
1838,38.09061708,127.0005443
1839,38.0731057,127.0070138
1840,37.99247126,126.8903314
1841,38.00875654,127.0598713
1842,,
1843,38.13244802,127.0252365
1844,38.03680606,126.9567184
1845,38.15452202,127.1429066
1846,,
1847,38.00887944,127.0588639
1848,38.01626049,127.0771978
1849,38.0189305,126.9778813
1850,38.01863382,126.9719934
1851,37.99247126,126.8903314
1852,38.0381433,126.9659635
1853,38.06450023,127.1274076
1854,37.97069138,126.8911149
1855,38.03773976,127.0290052
1856,38.21459762,127.1392319
1857,38.13084223,127.0453515
1858,38.00817479,127.0882342
1859,38.05578277,127.0863491
1860,38.15909503,127.1046457
1861,37.96901626,127.0288184
1862,38.21248653,127.1474211
1863,37.989561,126.9205448
1864,37.7439356,127.3524571
1865,37.76914766,127.3335678
1866,,
1867,,
1868,37.59322435,127.4911985
1869,37.76914766,127.3335678
1870,37.7439538,127.3525341
1871,,
1872,37.64094834,127.4745193
1873,,
1874,,
1875,37.85995221,127.4707267
1876,37.97657851,127.4178287
1877,37.98765251,127.4545621
1878,,
1879,,
1880,37.9116651,127.4933568
1881,,
1882,,
1883,,
1884,,
1885,,
1886,37.98760244,127.4600198
1887,,
1888,37.7439538,127.3525341
1889,37.7439538,127.3525341
1890,37.70713679,127.4543907
1891,,
1892,37.89884683,127.5106918
1893,,
1894,,
1895,37.97469808,127.4476929
1896,37.81833151,127.5195652
1897,37.59322435,127.4911985
1898,37.59322435,127.4911985
1899,37.71154352,127.4071592
1900,37.83738161,127.4644736
1901,37.74849785,127.3610726
1902,37.7439538,127.3525341
1903,37.7439538,127.3525341
1904,37.7439538,127.3525341
1905,37.6800348,127.3794817
1906,37.98799209,127.4428905
1907,37.69641323,127.3917939
1908,37.96990613,127.4083149
1909,,
1910,37.98699233,127.4523552
1911,37.74874092,127.4755322
1912,,37.71056054
1913,,37.59322435
1914,,37.7439538
1915,,37.71524811
1916,,37.70713679
1917,,37.81020993
1918,37.74347773,127.5106354
1919,37.82425448,127.5085221
1920,37.66041258,127.379434
1921,37.75298477,127.3596452
1922,37.82425448,127.5085221
1923,37.87930615,127.5481232
1924,37.90451325,127.4722675
1925,37.71747408,127.486997
1926,37.71524811,127.4904239
1927,37.71524811,127.4904239
1928,37.71524811,127.4904239
1929,37.71524811,127.4904239
1930,37.6892274,127.3875424
1931,37.68384418,127.5204371
1932,37.71524811,127.4904239
1933,37.71524811,127.4904239
1934,37.83162298,127.2913356
1935,37.6031189,127.5248447
1936,37.80934987,127.3642305
1937,37.75527403,127.3595501
1938,37.71834691,127.5226819
1939,37.90133806,127.3725926
1940,37.84804886,127.4876674
1941,37.84804886,127.4876674
1942,37.89575719,127.5596573
1943,37.8764517,127.5300172
1944,37.78333374,127.4837602
1945,37.78411317,127.3496152
1946,37.89575719,127.5596573
1947,37.87058726,127.3310431
1948,37.66754685,127.4470362
1949,37.91844178,127.5796069
1950,37.78072316,127.3715962
1951,37.91336045,127.5765639
1952,37.7468014,127.52529
1953,37.70000693,127.4999433
1954,37.71061427,127.4819948
1955,37.7476754,127.3591785
1956,37.59702826,127.4946531
1957,37.59250277,127.5139215
1958,37.77704584,127.531331
1959,37.82225118,127.4475053
1960,37.59151142,127.5127659
1961,37.97015736,127.4519201
1962,37.96724007,127.4596523
1963,37.82133367,127.3209748
1964,37.97469808,127.4476929
1965,37.59645126,127.4922403
1966,37.75286459,127.5358833
1967,,
1968,37.61627475,127.5391036
1969,37.82717516,127.3202051
1970,37.64762104,127.5005215
1971,37.87267299,127.5657882
1972,37.89473384,127.5287639
1973,37.60111635,127.5313581
1974,37.85320954,127.350714
1975,37.59490084,127.50847
1976,37.6312432,127.490276
1977,37.8467508,127.3465556
1978,37.85451211,127.3971929
1979,37.84270577,127.5088276
1980,37.59200697,127.4855916
1981,37.591971,127.4862939
1982,37.70199768,127.5168574
1983,37.78074798,127.2887532
1984,37.82732697,127.4824324
1985,37.60363516,127.4945167
1986,37.6006916,127.535323
1987,37.90449114,127.5620627
1988,37.89280679,127.5503953
1989,37.69555664,127.4602537
1990,37.74713557,127.3599968
1991,37.83871182,127.5043074
1992,,
1993,37.76914285,127.3731718
1994,37.59322435,127.4911985
1995,37.8472648,127.3775505
1996,37.59691995,127.491991
1997,37.82727235,127.3203241
1998,37.80116868,127.3666763
1999,37.78072316,127.3715962
2000,37.73170987,127.4247812
2001,37.70147474,127.517935
2002,37.71056054,127.4844341
2003,37.60779908,127.5102535
2004,37.59088944,127.5131849
2005,37.75386942,127.4064139
2006,37.7598243,127.3583608
2007,37.81189551,127.4309484
2008,37.85390908,127.3479958
2009,37.68925351,127.3691681
2010,37.81548041,127.3237324
2011,37.6690851,127.5373737
2012,37.60218394,127.4935425
2013,37.81810452,127.3253569
2014,37.93628017,127.5413209
2015,37.60132262,127.5350627
2016,37.83675389,127.3143233
2017,37.74566123,127.4473405
2018,37.84563199,127.3850776
2019,37.75111765,127.36621
2020,37.96217841,127.5278795
2021,37.75548856,127.4024045
2022,37.98140366,127.4476085
2023,37.845789,127.3485694
2024,37.93628017,127.5413209
2025,37.59322435,127.4911985
2026,37.8158443,127.5161283
